id,game,fullDate,team_name,week,winner,duration_min,total_kills,total_assists,total_deaths,total_gold,gold_min,total_damage,damage_min,red_buff,blue_buff,lord_kill,tortoise_kill,tower_destroy,sum_buffs,KDA,assists_taken,gold_w3,gold_w1,damage_w3,damage_w1,id_encode,game_encode,team_name_encode,fullDate_encode
https://ph-mpl.com/data/match/blck-onic-20220218,game1,2022-02-18 18:00:00,ONIC,1,1,14.02,14,35,6,48904,3488,152064,10848,10,11,2,3,8,21,8.17,13,1667.18,305.65,5184.0,950.4,8,0,5,0
https://ph-mpl.com/data/match/blck-onic-20220218,game1,2022-02-18 18:00:00,BLCK,1,0,14.02,6,13,14,37033,2642,78324,5587,4,4,0,0,2,8,1.36,34,3471.84,712.17,7342.88,1506.23,8,0,0,0
https://ph-mpl.com/data/match/blck-onic-20220218,game2,2022-02-18 18:00:00,ONIC,1,0,27.07,12,34,12,73280,2707,309702,11442,11,11,0,2,4,22,3.83,24,3435.0,508.89,14517.28,2150.71,8,1,5,0
https://ph-mpl.com/data/match/blck-onic-20220218,game2,2022-02-18 18:00:00,BLCK,1,1,27.07,12,24,12,79895,2951,251501,9291,16,18,4,0,9,34,3.0,48,2853.39,713.35,8982.18,2245.54,8,1,0,0
https://ph-mpl.com/data/match/blck-onic-20220218,game3,2022-02-18 18:00:00,ONIC,1,1,23.93,22,48,12,73464,3069,336715,14068,14,17,3,2,9,31,5.83,31,1777.35,346.53,8146.33,1588.28,8,2,5,0
https://ph-mpl.com/data/match/blck-onic-20220218,game3,2022-02-18 18:00:00,BLCK,1,0,23.93,12,31,22,69247,2893,262029,10948,11,10,1,0,3,21,1.95,30,3462.35,540.99,13101.45,2047.1,8,2,0,0
https://ph-mpl.com/data/match/omg-tnc-20220218,game1,2022-02-18 20:00:00,TNC,1,1,15.9,19,30,3,52380,3294,171027,10756,10,9,2,3,7,19,16.33,6,1510.96,374.14,4933.47,1221.62,38,0,7,1
https://ph-mpl.com/data/match/omg-tnc-20220218,game1,2022-02-18 20:00:00,OMG,1,0,15.9,3,6,19,41119,2586,156638,9851,5,7,0,0,4,12,0.47,29,4405.61,1713.29,16782.64,6526.58,38,0,4,1
https://ph-mpl.com/data/match/omg-tnc-20220218,game2,2022-02-18 20:00:00,TNC,1,1,17.93,12,29,6,55679,3104,173297,9663,7,9,2,2,7,16,6.83,13,2197.86,421.81,6840.67,1312.86,38,1,7,1
https://ph-mpl.com/data/match/omg-tnc-20220218,game2,2022-02-18 20:00:00,OMG,1,0,17.93,6,13,12,47939,2673,135343,7547,9,9,0,1,4,18,1.58,37,3595.42,856.05,10150.72,2416.84,38,1,4,1
https://ph-mpl.com/data/match/rsg-nxpe-20220219,game1,2022-02-19 16:00:00,RSG,1,1,17.65,14,37,10,59365,3363,173683,9840,9,11,3,2,9,20,5.1,19,1935.82,353.36,5663.58,1033.83,48,0,6,2
https://ph-mpl.com/data/match/rsg-nxpe-20220219,game1,2022-02-19 16:00:00,NXPE,1,0,17.65,10,19,14,47649,2699,130508,7394,8,8,0,1,5,16,2.07,6,2382.45,595.61,6525.4,1631.35,48,0,3,2
https://ph-mpl.com/data/match/rsg-nxpe-20220219,game2,2022-02-19 16:00:00,NXPE,1,0,21.52,3,6,12,54891,2551,131116,6093,9,9,0,0,2,18,0.75,24,8233.65,2287.12,19667.4,5463.17,48,1,3,2
https://ph-mpl.com/data/match/rsg-nxpe-20220219,game2,2022-02-19 16:00:00,RSG,1,1,21.52,12,24,3,69996,3253,183722,8538,12,14,3,3,9,26,12.0,50,2499.86,583.3,6561.5,1531.02,48,1,6,2
https://ph-mpl.com/data/match/bren-echo-20220219,game1,2022-02-19 18:00:00,ECHO,1,1,17.35,21,50,13,57537,3253,270677,15306,7,13,1,2,9,20,5.46,27,1438.42,271.4,6766.92,1276.78,14,0,2,3
https://ph-mpl.com/data/match/bren-echo-20220219,game1,2022-02-19 18:00:00,BREN,1,0,17.35,13,27,21,50574,2859,179308,10139,8,6,1,1,4,14,1.9,8,2231.21,435.98,7910.65,1545.76,14,0,1,3
https://ph-mpl.com/data/match/bren-echo-20220219,game2,2022-02-19 18:00:00,BREN,1,0,14.42,5,8,12,36754,2549,118067,8189,6,6,0,0,2,12,1.08,35,3937.93,1148.56,12650.04,3689.59,14,1,1,3
https://ph-mpl.com/data/match/bren-echo-20220219,game2,2022-02-19 18:00:00,ECHO,1,1,14.42,12,35,5,47181,3272,188885,13101,8,9,2,3,7,17,9.4,30,1862.41,294.88,7455.99,1180.53,14,1,2,3
https://ph-mpl.com/data/match/blck-tnc-20220219,game1,2022-02-19 20:00:00,TNC,1,1,16.03,15,30,5,56527,3525,139819,8720,8,11,3,3,7,19,9.0,12,1927.06,392.55,4766.56,970.97,12,0,7,4
https://ph-mpl.com/data/match/blck-tnc-20220219,game1,2022-02-19 18:00:00,BLCK,1,0,16.03,5,12,15,41127,2565,122862,7662,9,7,0,0,1,16,1.13,21,5140.88,856.81,15357.75,2559.62,12,0,0,3
https://ph-mpl.com/data/match/blck-tnc-20220219,game2,2022-02-19 18:00:00,TNC,1,1,18.75,12,21,13,61058,3256,195483,10425,11,13,3,3,9,24,2.54,20,2180.64,565.35,6981.54,1810.03,12,1,7,3
https://ph-mpl.com/data/match/blck-tnc-20220219,game2,2022-02-19 18:00:00,BLCK,1,0,18.75,13,20,12,57774,3081,157277,8388,7,5,0,0,4,12,2.75,6,2548.85,722.18,6938.69,1965.96,12,1,0,3
https://ph-mpl.com/data/match/onic-nxpe-20220220,game1,2022-02-20 16:00:00,ONIC,1,0,18.2,6,6,18,49505,2722,190493,10476,7,7,0,1,2,14,0.67,43,4641.09,1768.04,17858.72,6803.32,42,0,5,5
https://ph-mpl.com/data/match/onic-nxpe-20220220,game1,2022-02-20 16:00:00,NXPE,1,1,18.2,18,43,6,59326,3262,240453,13223,10,12,3,2,9,22,10.17,23,1647.94,308.99,6679.25,1252.36,42,0,3,5
https://ph-mpl.com/data/match/onic-nxpe-20220220,game2,2022-02-20 16:00:00,ONIC,1,0,14.43,8,23,3,40482,2804,134168,9295,5,4,0,1,0,9,10.33,5,3795.19,421.69,12578.25,1397.58,42,1,5,5
https://ph-mpl.com/data/match/onic-nxpe-20220220,game2,2022-02-20 16:00:00,NXPE,1,1,14.43,3,5,8,47315,3278,100629,6971,9,12,2,2,9,21,1.0,44,2957.19,1314.31,6289.31,2795.25,42,1,3,5
https://ph-mpl.com/data/match/omg-echo-20220220,game1,2022-02-20 18:00:00,ECHO,1,1,15.07,19,44,3,51293,3404,177993,11813,7,10,2,3,9,17,21.0,9,1373.92,261.7,4767.67,908.13,33,0,2,6
https://ph-mpl.com/data/match/omg-echo-20220220,game1,2022-02-20 18:00:00,OMG,1,0,15.07,3,9,19,40939,2717,124182,8242,5,5,0,0,1,10,0.63,21,7676.06,1137.19,23284.12,3449.5,33,0,4,6
https://ph-mpl.com/data/match/omg-echo-20220220,game2,2022-02-20 18:00:00,ECHO,1,1,10.2,13,21,1,36733,3601,108625,10649,6,8,1,3,6,14,34.0,3,1449.99,367.33,4287.83,1086.25,33,1,2,6
https://ph-mpl.com/data/match/omg-echo-20220220,game2,2022-02-20 18:00:00,OMG,1,0,10.2,1,3,13,25071,2457,52586,5155,3,3,0,0,0,6,0.31,28,18803.25,2089.25,39439.5,4382.17,33,1,4,6
https://ph-mpl.com/data/match/rsg-bren-20220225,game1,2022-02-25 18:00:00,RSG,2,1,9.92,11,28,2,35761,3606,130368,13146,6,6,1,2,8,12,19.5,5,1411.62,288.4,5146.11,1051.35,46,0,6,7
https://ph-mpl.com/data/match/rsg-bren-20220225,game1,2022-02-25 18:00:00,BREN,2,0,9.92,2,5,11,23552,2374,59062,5955,3,5,0,0,1,8,0.64,7,5888.0,1177.6,14765.5,2953.1,46,0,1,7
https://ph-mpl.com/data/match/rsg-bren-20220225,game2,2022-02-25 18:00:00,BREN,2,0,11.7,3,7,17,30162,2577,103888,8879,3,3,0,1,0,6,0.59,35,7540.5,942.56,25972.0,3246.5,46,1,1,7
https://ph-mpl.com/data/match/rsg-bren-20220225,game2,2022-02-25 18:00:00,RSG,2,1,11.7,17,35,4,41336,3532,148901,12726,7,8,1,2,8,15,13.0,14,1240.08,271.95,4467.03,979.61,46,1,6,7
https://ph-mpl.com/data/match/blck-nxpe-20220225,game1,2022-02-25 20:00:00,BLCK,2,0,17.02,8,14,14,46824,2751,160000,9402,5,6,0,2,2,11,1.57,37,3511.8,731.62,12000.0,2500.0,4,0,0,8
https://ph-mpl.com/data/match/blck-nxpe-20220225,game1,2022-02-25 20:00:00,NXPE,2,1,17.02,14,37,8,54528,3204,200276,11769,12,10,3,1,9,22,6.38,50,1778.09,332.49,6530.74,1221.2,4,0,3,8
https://ph-mpl.com/data/match/blck-nxpe-20220225,game2,2022-02-25 20:00:00,BLCK,2,1,20.28,16,50,11,65076,3208,211397,10422,7,9,2,2,7,16,6.0,29,2122.04,301.28,6893.38,978.69,4,1,0,8
https://ph-mpl.com/data/match/blck-nxpe-20220225,game2,2022-02-25 20:00:00,NXPE,2,0,20.28,11,29,16,59424,2929,211602,10432,11,14,2,1,9,25,2.5,33,2228.4,464.25,7935.08,1653.14,4,1,3,8
https://ph-mpl.com/data/match/blck-nxpe-20220225,game3,2022-02-25 20:00:00,NXPE,2,1,14.72,11,33,1,47929,3256,183563,12473,8,10,2,3,8,18,44.0,2,1891.93,315.32,7245.91,1207.65,4,2,3,8
https://ph-mpl.com/data/match/blck-nxpe-20220225,game3,2022-02-25 20:00:00,BLCK,2,0,14.72,1,2,11,36542,2483,71558,4862,5,5,0,0,3,10,0.27,6,6851.62,4567.75,13417.12,8944.75,4,2,0,8
https://ph-mpl.com/data/match/tnc-echo-20220226,game1,2022-02-26 16:00:00,TNC,2,0,15.25,4,6,12,42515,2787,152870,10024,7,7,0,3,3,14,0.83,24,4555.18,1180.97,16378.93,4246.39,54,0,7,9
https://ph-mpl.com/data/match/tnc-echo-20220226,game1,2022-02-26 16:00:00,ECHO,2,1,15.25,12,24,4,46936,3077,154060,10102,7,10,1,0,7,17,9.0,25,1852.74,469.36,6081.32,1540.6,54,0,2,9
https://ph-mpl.com/data/match/tnc-echo-20220226,game2,2022-02-26 16:00:00,TNC,2,1,23.75,11,25,13,73796,3107,273571,11518,11,10,3,3,8,21,2.77,17,2913.0,595.13,10798.86,2206.22,54,1,7,9
https://ph-mpl.com/data/match/tnc-echo-20220226,game2,2022-02-26 16:00:00,ECHO,2,0,23.75,13,17,11,67596,2846,292565,12318,12,15,1,0,6,27,2.73,36,2668.26,938.83,11548.62,4063.4,54,1,2,9
https://ph-mpl.com/data/match/tnc-echo-20220226,game3,2022-02-26 16:00:00,ECHO,2,1,13.85,13,36,4,48163,3477,129586,9356,6,9,2,0,8,15,12.25,8,1720.11,316.86,4628.07,852.54,54,2,2,9
https://ph-mpl.com/data/match/tnc-echo-20220226,game3,2022-02-26 16:00:00,TNC,2,0,13.85,4,8,13,38883,2807,123784,8937,8,7,0,3,2,15,0.92,26,4860.38,883.7,15473.0,2813.27,54,2,7,9
https://ph-mpl.com/data/match/onic-bren-20220226,game1,2022-02-26 18:00:00,ONIC,2,1,16.35,12,26,5,54272,3319,203877,12469,13,11,2,0,9,24,7.6,11,1938.29,484.57,7281.32,1820.33,40,0,5,10
https://ph-mpl.com/data/match/onic-bren-20220226,game1,2022-02-26 18:00:00,BREN,2,0,16.35,5,11,12,45986,2812,153226,9371,4,6,0,3,2,10,1.33,14,4927.07,821.18,16417.07,2736.18,40,0,1,10
https://ph-mpl.com/data/match/onic-bren-20220226,game2,2022-02-26 18:00:00,BREN,2,0,18.27,6,14,18,49794,2725,182678,10000,8,8,1,2,4,16,1.11,44,3734.55,732.26,13700.85,2686.44,40,1,1,10
https://ph-mpl.com/data/match/onic-bren-20220226,game2,2022-02-26 18:00:00,ONIC,2,1,18.27,18,44,6,60681,3321,196515,10758,9,12,2,1,9,21,10.33,37,1685.58,322.77,5458.75,1045.29,40,1,5,10
https://ph-mpl.com/data/match/omg-rsg-20220226,game1,2022-02-26 20:00:00,RSG,2,1,20.65,17,37,6,63630,3081,247013,11961,11,15,3,2,8,26,9.0,10,1908.9,378.75,7410.39,1470.32,36,0,6,11
https://ph-mpl.com/data/match/omg-rsg-20220226,game1,2022-02-26 20:00:00,OMG,2,0,20.65,6,10,17,54610,2644,164272,7955,7,7,0,1,3,14,0.94,33,4550.83,1241.14,13689.33,3733.45,36,0,4,11
https://ph-mpl.com/data/match/omg-rsg-20220226,game2,2022-02-26 20:00:00,RSG,2,1,15.97,15,33,9,50142,3140,175044,10963,6,9,1,3,7,15,5.33,17,1709.39,338.8,5967.41,1182.73,36,1,6,11
https://ph-mpl.com/data/match/omg-rsg-20220226,game2,2022-02-26 20:00:00,OMG,2,0,15.97,9,17,15,43757,2740,171869,10764,7,9,1,0,5,16,1.73,33,2344.12,607.74,9207.27,2387.07,36,1,4,11
https://ph-mpl.com/data/match/blck-echo-20220227,game1,2022-02-27 16:00:00,ECHO,2,1,15.52,13,33,13,47534,3063,192637,12414,9,9,1,2,6,18,3.54,38,1876.34,330.1,7604.09,1337.76,2,0,2,12
https://ph-mpl.com/data/match/blck-echo-20220227,game1,2022-02-27 16:00:00,BLCK,2,0,15.52,13,38,13,44470,2865,213130,13735,4,9,1,1,5,13,3.92,50,1852.92,277.94,8880.42,1332.06,2,0,0,12
https://ph-mpl.com/data/match/blck-echo-20220227,game2,2022-02-27 16:00:00,ECHO,2,1,14.32,20,50,6,53141,3711,166897,11657,10,10,2,2,8,20,11.67,13,1423.42,246.02,4470.46,772.67,2,1,2,12
https://ph-mpl.com/data/match/blck-echo-20220227,game2,2022-02-27 16:00:00,BLCK,2,0,14.32,6,13,20,34303,2396,89456,6248,4,5,0,1,1,9,0.95,21,3675.32,612.55,9584.57,1597.43,2,1,0,12
https://ph-mpl.com/data/match/nxpe-bren-20220227,game1,2022-02-27 18:00:00,NXPE,2,1,14.2,12,21,6,43795,3084,145718,10261,5,7,0,2,8,12,5.5,14,1642.31,476.03,5464.42,1583.89,26,0,3,13
https://ph-mpl.com/data/match/nxpe-bren-20220227,game1,2022-02-27 18:00:00,BREN,2,0,14.2,6,14,12,43020,3029,97363,6856,8,8,2,1,5,16,1.67,2,2933.18,632.65,6638.39,1431.81,26,0,1,13
https://ph-mpl.com/data/match/nxpe-bren-20220227,game2,2022-02-27 18:00:00,BREN,2,0,14.37,1,2,15,34619,2409,94055,6546,4,5,0,0,2,9,0.2,31,8654.75,4327.38,23513.75,11756.88,26,1,1,13
https://ph-mpl.com/data/match/nxpe-bren-20220227,game2,2022-02-27 18:00:00,NXPE,2,1,14.37,15,31,1,49096,3417,179624,12502,7,10,2,3,9,17,46.0,26,1534.25,340.94,5613.25,1247.39,26,1,3,13
https://ph-mpl.com/data/match/tnc-rsg-20220304,game1,2022-03-04 18:00:00,TNC,3,1,19.35,9,26,10,62284,3218,194483,10050,9,12,2,1,9,21,3.5,19,2595.17,536.93,8103.46,1676.58,59,0,7,14
https://ph-mpl.com/data/match/tnc-rsg-20220304,game1,2022-03-04 18:00:00,RSG,3,0,19.35,10,19,9,59444,3072,165156,8535,11,9,1,2,6,20,3.22,11,2786.44,675.5,7741.69,1876.77,59,0,6,14
https://ph-mpl.com/data/match/tnc-rsg-20220304,game2,2022-03-04 18:00:00,RSG,3,0,14.42,5,11,9,36988,2565,86052,5968,7,5,0,0,0,12,1.78,21,5548.2,840.64,12907.8,1955.73,59,1,6,14
https://ph-mpl.com/data/match/tnc-rsg-20220304,game2,2022-03-04 18:00:00,TNC,3,1,14.42,9,21,5,49913,3462,156995,10889,6,9,2,3,8,15,6.0,13,2202.04,479.93,6926.25,1509.57,59,1,7,14
https://ph-mpl.com/data/match/onic-omg-20220304,game1,2022-03-04 20:00:00,ONIC,3,0,15.1,7,13,11,39583,2592,118232,7744,6,4,0,0,0,10,1.82,20,4241.04,761.21,12667.71,2273.69,44,0,5,15
https://ph-mpl.com/data/match/onic-omg-20220304,game1,2022-03-04 20:00:00,OMG,3,1,15.1,11,20,7,52653,3448,130013,8516,9,11,2,3,9,20,4.43,34,1974.49,526.53,4875.49,1300.13,44,0,4,15
https://ph-mpl.com/data/match/onic-omg-20220304,game2,2022-03-04 20:00:00,ONIC,3,1,22.97,15,34,19,74347,3237,246600,10737,9,14,3,0,8,23,2.58,46,2424.36,502.34,8041.3,1666.22,44,1,5,15
https://ph-mpl.com/data/match/onic-omg-20220304,game2,2022-03-04 20:00:00,OMG,3,0,22.97,19,46,15,68292,2973,280971,12233,12,11,1,3,6,23,4.33,41,2048.76,341.46,8429.13,1404.86,44,1,4,15
https://ph-mpl.com/data/match/onic-omg-20220304,game3,2022-03-04 20:00:00,ONIC,3,0,19.2,15,41,11,61748,3216,265567,13831,11,10,2,2,8,21,5.09,21,2013.52,343.04,8659.79,1475.37,44,2,5,15
https://ph-mpl.com/data/match/onic-omg-20220304,game3,2022-03-04 20:00:00,OMG,3,1,19.2,11,21,15,59404,3093,185763,9675,7,10,1,1,4,17,2.13,12,2970.2,645.7,9288.15,2019.16,44,2,4,15
https://ph-mpl.com/data/match/blck-bren-20220305,game1,2022-03-05 16:00:00,BREN,3,0,24.38,7,12,15,66957,2746,220776,9054,12,13,2,3,5,25,1.27,37,4184.81,984.66,13798.5,3246.71,0,0,1,16
https://ph-mpl.com/data/match/blck-bren-20220305,game1,2022-03-05 16:00:00,BLCK,3,1,24.38,15,37,7,72561,2975,263412,10802,8,15,2,0,9,23,7.43,17,2267.53,465.13,8231.62,1688.54,0,0,0,16
https://ph-mpl.com/data/match/blck-bren-20220305,game2,2022-03-05 16:00:00,BREN,3,0,24.87,8,17,18,69330,2788,284719,11449,9,5,2,3,5,14,1.39,46,3999.81,787.84,16426.1,3235.44,0,1,1,16
https://ph-mpl.com/data/match/blck-bren-20220305,game2,2022-03-05 16:00:00,BLCK,3,1,24.87,18,46,8,74403,2992,361052,14519,13,18,2,0,9,31,8.0,11,2066.75,387.52,10029.22,1880.48,0,1,0,16
https://ph-mpl.com/data/match/echo-rsg-20220305,game1,2022-03-05 18:00:00,RSG,3,0,16.88,6,11,12,48184,2853,161364,9557,7,7,2,3,4,14,1.42,26,3613.8,752.88,12102.3,2521.31,24,0,6,17
https://ph-mpl.com/data/match/echo-rsg-20220305,game1,2022-03-05 18:00:00,ECHO,3,1,16.88,12,26,6,55339,3277,188411,11159,9,13,1,0,9,22,6.33,47,1976.39,512.4,6728.96,1744.55,24,0,2,17
https://ph-mpl.com/data/match/echo-rsg-20220305,game2,2022-03-05 18:00:00,ECHO,3,1,18.77,19,47,12,60709,3234,215890,11503,9,10,2,2,9,19,5.5,34,1626.13,297.59,5782.77,1058.28,24,1,2,17
https://ph-mpl.com/data/match/echo-rsg-20220305,game2,2022-03-05 18:00:00,RSG,3,0,18.77,12,34,19,55124,2937,200211,10668,8,10,1,1,4,18,2.42,25,2583.94,382.81,9384.89,1390.35,24,1,6,17
https://ph-mpl.com/data/match/nxpe-omg-20220305,game1,2022-03-05 20:00:00,OMG,3,1,14.88,11,25,4,47925,3220,138727,9320,7,9,2,2,7,16,9.0,11,1996.88,413.15,5780.29,1195.92,28,0,4,18
https://ph-mpl.com/data/match/nxpe-omg-20220305,game1,2022-03-05 20:00:00,NXPE,3,0,14.88,4,11,11,37954,2550,77509,5207,8,7,0,0,2,15,1.36,37,4744.25,862.59,9688.62,1761.57,28,0,3,18
https://ph-mpl.com/data/match/nxpe-omg-20220305,game2,2022-03-05 20:00:00,NXPE,3,1,14.18,15,37,5,46777,3298,115659,8154,8,11,2,3,8,19,10.4,12,1525.34,278.43,3771.49,688.45,28,1,3,18
https://ph-mpl.com/data/match/nxpe-omg-20220305,game2,2022-03-05 20:00:00,OMG,3,0,14.18,5,12,15,37335,2632,84433,5952,6,4,0,0,1,10,1.13,11,4666.88,777.81,10554.12,1759.02,28,1,4,18
https://ph-mpl.com/data/match/nxpe-omg-20220305,game3,2022-03-05 20:00:00,NXPE,3,0,15.7,5,11,13,40529,2581,118263,7532,7,7,0,2,1,14,1.23,29,5066.12,779.4,14782.88,2274.29,28,2,3,18
https://ph-mpl.com/data/match/nxpe-omg-20220305,game3,2022-03-05 20:00:00,OMG,3,1,15.7,13,29,5,54250,3455,142422,9071,8,9,2,1,9,17,8.4,35,1849.43,423.83,4855.3,1112.67,28,2,4,18
https://ph-mpl.com/data/match/tnc-onic-20220306,game1,2022-03-06 18:00:00,TNC,3,1,17.78,16,35,7,56964,3203,202201,11370,8,13,2,1,8,21,7.29,18,1780.12,374.76,6318.78,1330.27,57,0,7,19
https://ph-mpl.com/data/match/tnc-onic-20220306,game1,2022-03-06 18:00:00,ONIC,3,0,17.78,7,18,16,47958,2696,131141,7374,7,7,0,2,1,14,1.56,27,4496.06,599.48,12294.47,1639.26,57,0,5,19
https://ph-mpl.com/data/match/tnc-onic-20220306,game2,2022-03-06 18:00:00,ONIC,3,1,13.9,13,27,1,48192,3467,144241,10377,8,11,2,2,9,19,40.0,3,1642.91,388.65,4917.31,1163.23,57,1,5,19
https://ph-mpl.com/data/match/tnc-onic-20220306,game2,2022-03-06 18:00:00,TNC,3,0,13.9,1,3,13,33010,2374,119113,8569,4,2,0,0,1,6,0.31,14,12378.75,2750.83,44667.38,9926.08,57,1,7,19
https://ph-mpl.com/data/match/tnc-onic-20220306,game3,2022-03-06 18:00:00,ONIC,3,1,17.42,7,14,0,58044,3332,111488,6401,12,13,3,3,8,25,21.0,0,2902.2,725.55,5574.4,1393.6,57,2,5,19
https://ph-mpl.com/data/match/tnc-onic-20220306,game3,2022-03-06 18:00:00,TNC,3,0,17.42,0,0,7,42634,2447,129350,7426,5,6,0,0,1,11,0.0,28,31975.5,0.0,97012.5,0.0,57,2,7,19
https://ph-mpl.com/data/match/blck-rsg-20220306,game1,2022-03-06 20:00:00,RSG,3,1,13.93,14,28,2,49363,3542,158178,11352,7,12,2,2,8,19,21.0,4,1682.83,385.65,5392.43,1235.77,10,0,6,20
https://ph-mpl.com/data/match/blck-rsg-20220306,game1,2022-03-06 20:00:00,BLCK,3,0,13.93,2,4,14,37284,2675,86748,6225,6,3,0,0,2,9,0.43,8,6990.75,2330.25,16265.25,5421.75,10,0,0,20
https://ph-mpl.com/data/match/blck-rsg-20220306,game2,2022-03-06 20:00:00,RSG,3,0,15.47,4,8,10,42592,2753,168199,10874,9,6,0,1,2,15,1.2,32,5324.0,1183.11,21024.88,4672.19,10,1,6,20
https://ph-mpl.com/data/match/blck-rsg-20220306,game2,2022-03-06 20:00:00,BLCK,3,1,15.47,10,32,4,52132,3370,151881,9819,7,12,2,2,9,19,10.5,20,2057.84,362.03,5995.3,1054.73,10,1,0,20
https://ph-mpl.com/data/match/blck-rsg-20220306,game3,2022-03-06 20:00:00,RSG,3,1,13.9,9,20,6,45320,3260,157500,11330,6,9,2,0,7,15,4.83,14,2124.38,515.0,7382.81,1789.77,10,2,6,20
https://ph-mpl.com/data/match/blck-rsg-20220306,game3,2022-03-06 20:00:00,BLCK,3,0,13.9,6,14,9,39022,2807,114115,8209,8,7,0,3,4,15,2.22,1,2926.65,573.85,8558.62,1678.16,10,2,0,20
https://ph-mpl.com/data/match/bren-omg-20220311,game1,2022-03-11 18:00:00,OMG,4,0,17.23,2,1,12,45652,2649,153297,8895,7,8,0,2,3,15,0.25,28,6847.8,3804.33,22994.55,12774.75,16,0,4,21
https://ph-mpl.com/data/match/bren-omg-20220311,game1,2022-03-11 18:00:00,BREN,4,1,17.23,12,28,2,56127,3256,189667,11005,10,11,2,1,8,21,20.0,48,2104.76,452.64,7112.51,1529.57,16,0,1,21
https://ph-mpl.com/data/match/bren-omg-20220311,game2,2022-03-11 18:00:00,OMG,4,1,15.0,22,48,10,54210,3614,234409,15627,7,12,2,2,9,19,7.0,20,1311.53,260.62,5671.19,1126.97,16,1,4,21
https://ph-mpl.com/data/match/bren-omg-20220311,game2,2022-03-11 18:00:00,BREN,4,0,15.0,10,20,22,43180,2878,162523,10834,6,4,0,1,1,10,1.36,30,2944.09,514.05,11081.11,1934.8,16,1,1,21
https://ph-mpl.com/data/match/bren-omg-20220311,game3,2022-03-11 18:00:00,BREN,4,1,21.93,15,30,14,69443,3166,332824,15174,11,11,3,2,7,22,3.21,24,2367.38,496.02,11346.27,2377.31,16,2,1,21
https://ph-mpl.com/data/match/bren-omg-20220311,game3,2022-03-11 18:00:00,OMG,4,0,21.93,14,24,15,67075,3058,222144,10128,10,13,1,1,5,23,2.53,61,2647.7,644.95,8768.84,2136.0,16,2,4,21
https://ph-mpl.com/data/match/echo-onic-20220311,game1,2022-03-11 20:00:00,ECHO,4,1,28.72,23,61,24,90720,3159,436610,15204,9,13,1,0,7,22,3.5,56,2268.0,365.81,10915.25,1760.52,22,0,2,22
https://ph-mpl.com/data/match/echo-onic-20220311,game1,2022-03-11 20:00:00,ONIC,4,0,28.72,24,56,23,83480,2907,333820,11624,16,18,3,3,9,34,3.48,41,1897.27,336.61,7586.82,1346.05,22,0,5,22
https://ph-mpl.com/data/match/echo-onic-20220311,game2,2022-03-11 20:00:00,ECHO,4,0,21.7,15,41,17,59431,2738,200123,9222,7,8,0,0,3,15,3.29,38,2476.29,362.38,8338.46,1220.26,22,1,2,22
https://ph-mpl.com/data/match/echo-onic-20220311,game2,2022-03-11 20:00:00,ONIC,4,1,21.7,17,38,15,69238,3190,297403,13705,15,17,4,3,9,32,3.67,41,1997.25,384.66,8578.93,1652.24,22,1,5,22
https://ph-mpl.com/data/match/echo-onic-20220311,game3,2022-03-11 20:00:00,ONIC,4,1,17.87,19,41,22,55551,3109,245408,13735,7,10,0,1,6,17,2.73,59,1666.53,330.66,7362.24,1460.76,22,2,5,22
https://ph-mpl.com/data/match/echo-onic-20220311,game3,2022-03-11 20:00:00,ECHO,4,0,17.87,22,59,19,54929,3074,261768,14651,8,8,2,2,8,16,4.26,36,1373.22,217.97,6544.2,1038.76,22,2,2,22
https://ph-mpl.com/data/match/nxpe-tnc-20220312,game1,2022-03-12 16:00:00,NXPE,4,1,11.05,15,36,3,39031,3532,154703,14000,5,6,1,2,8,11,17.0,4,1272.75,250.2,5044.66,991.69,31,0,3,23
https://ph-mpl.com/data/match/nxpe-tnc-20220312,game1,2022-03-12 16:00:00,TNC,4,0,11.05,3,4,15,28162,2548,50139,4537,5,5,0,1,0,10,0.47,14,7040.5,1408.1,12534.75,2506.95,31,0,7,23
https://ph-mpl.com/data/match/nxpe-tnc-20220312,game2,2022-03-12 16:00:00,TNC,4,1,13.32,6,14,2,45594,3423,148643,11162,10,7,2,3,8,17,10.0,4,2442.54,599.92,7963.02,1955.83,31,1,7,23
https://ph-mpl.com/data/match/nxpe-tnc-20220312,game2,2022-03-12 16:00:00,NXPE,4,0,13.32,2,4,6,33863,2542,88167,6620,4,6,0,0,0,10,1.0,10,12698.62,2116.44,33062.62,5510.44,31,1,3,23
https://ph-mpl.com/data/match/nxpe-tnc-20220312,game3,2022-03-12 16:00:00,TNC,4,0,20.67,8,10,18,61010,2952,189636,9175,8,5,1,2,3,13,1.0,42,4159.77,1173.27,12929.73,3646.85,31,2,7,23
https://ph-mpl.com/data/match/nxpe-tnc-20220312,game3,2022-03-12 16:00:00,NXPE,4,1,20.67,18,42,8,66213,3203,231285,11191,11,16,2,1,9,27,7.5,23,1839.25,367.85,6424.58,1284.92,31,2,3,23
https://ph-mpl.com/data/match/blck-omg-20220312,game1,2022-03-12 18:00:00,BLCK,4,1,19.98,9,23,0,63220,3166,227663,11402,13,13,4,3,9,26,32.0,0,2634.17,526.83,9485.96,1897.19,6,0,0,24
https://ph-mpl.com/data/match/blck-omg-20220312,game1,2022-03-12 18:00:00,OMG,4,0,19.98,0,0,9,51029,2555,177329,8881,7,9,0,0,2,16,0.0,29,19135.88,0.0,66498.38,0.0,6,0,4,24
https://ph-mpl.com/data/match/blck-omg-20220312,game2,2022-03-12 18:00:00,OMG,4,1,18.33,13,29,5,62494,3411,229370,12522,11,15,3,2,9,26,8.4,11,2130.48,459.51,7819.43,1686.54,6,1,4,24
https://ph-mpl.com/data/match/blck-omg-20220312,game2,2022-03-12 18:00:00,BLCK,4,0,18.33,5,11,13,48863,2667,173123,9451,6,5,0,1,2,11,1.23,24,5235.32,1017.98,18548.89,3606.73,6,1,0,24
https://ph-mpl.com/data/match/blck-omg-20220312,game3,2022-03-12 18:00:00,OMG,4,1,15.82,10,24,4,53477,3381,179907,11374,7,8,2,0,9,15,8.5,10,2110.93,514.2,7101.59,1729.88,6,2,4,24
https://ph-mpl.com/data/match/blck-omg-20220312,game3,2022-03-12 18:00:00,BLCK,4,0,15.82,4,10,10,43136,2727,113021,7145,8,7,0,3,4,15,1.4,35,4044.0,829.54,10595.72,2173.48,6,2,0,24
https://ph-mpl.com/data/match/rsg-onic-20220312,game1,2022-03-12 20:00:00,RSG,4,1,20.7,14,35,14,61390,2965,235578,11380,10,12,1,1,7,22,3.5,19,2192.5,414.8,8413.5,1591.74,51,0,6,25
https://ph-mpl.com/data/match/rsg-onic-20220312,game1,2022-03-12 20:00:00,ONIC,4,0,20.7,14,19,14,59990,2898,197817,9556,9,10,1,2,9,19,2.36,17,1956.2,681.7,6450.55,2247.92,51,0,5,25
https://ph-mpl.com/data/match/rsg-onic-20220312,game2,2022-03-12 20:00:00,RSG,4,0,17.15,7,17,12,46326,2703,194791,11369,6,6,0,2,1,12,2.0,23,4343.06,609.55,18261.66,2563.04,51,1,6,25
https://ph-mpl.com/data/match/rsg-onic-20220312,game2,2022-03-12 20:00:00,ONIC,4,1,17.15,12,23,7,56417,3292,132605,7739,10,11,3,1,9,21,5.0,29,2014.89,522.38,4735.89,1227.82,51,1,5,25
https://ph-mpl.com/data/match/rsg-onic-20220312,game3,2022-03-12 20:00:00,RSG,4,1,14.67,14,29,4,51346,3500,182835,12466,7,9,2,3,9,16,10.75,13,1674.33,377.54,5962.01,1344.38,51,2,6,25
https://ph-mpl.com/data/match/rsg-onic-20220312,game3,2022-03-12 20:00:00,ONIC,4,0,14.67,4,13,14,39270,2677,101378,6912,5,6,0,0,1,11,1.21,22,5890.5,755.19,15206.7,1949.58,51,2,5,25
https://ph-mpl.com/data/match/bren-tnc-20220313,game1,2022-03-13 18:00:00,BREN,4,0,25.4,10,22,16,78892,3105,231625,9119,12,7,2,0,8,19,2.0,30,3287.17,821.79,9651.04,2412.76,18,0,1,26
https://ph-mpl.com/data/match/bren-tnc-20220313,game1,2022-03-13 18:00:00,TNC,4,1,25.4,16,30,10,85451,3364,373289,14696,12,20,3,3,8,32,4.6,9,2670.34,593.41,11665.28,2592.28,18,0,7,26
https://ph-mpl.com/data/match/bren-tnc-20220313,game2,2022-03-13 18:00:00,BREN,4,0,17.62,7,9,16,47233,2681,151947,8625,7,6,0,0,1,13,1.0,25,4428.09,1312.03,14245.03,4220.75,18,1,1,26
https://ph-mpl.com/data/match/bren-tnc-20220313,game2,2022-03-13 18:00:00,TNC,4,1,17.62,16,25,7,60351,3425,200081,11357,9,11,3,3,9,20,5.86,34,1810.53,486.7,6002.43,1613.56,18,1,7,26
https://ph-mpl.com/data/match/blck-onic-20220318,game1,2022-03-18 18:00:00,ONIC,5,1,18.6,15,34,17,61810,3323,205413,11043,10,11,2,1,8,21,2.88,42,2015.54,417.64,6698.25,1387.93,9,0,5,27
https://ph-mpl.com/data/match/blck-onic-20220318,game1,2022-03-18 18:00:00,BLCK,5,0,18.6,17,42,15,55645,2991,227954,12255,9,9,1,2,7,18,3.93,26,1738.91,309.14,7123.56,1266.41,9,0,0,27
https://ph-mpl.com/data/match/blck-onic-20220318,game2,2022-03-18 18:00:00,BLCK,5,1,16.17,11,26,7,52932,3274,151471,9369,10,12,2,3,8,22,5.29,17,2089.42,426.87,5979.12,1221.54,9,1,0,27
https://ph-mpl.com/data/match/blck-onic-20220318,game2,2022-03-18 18:00:00,ONIC,5,0,16.17,7,17,11,45290,2801,160486,9926,5,6,0,0,1,11,2.18,19,4245.94,666.03,15045.56,2360.09,9,1,5,27
https://ph-mpl.com/data/match/blck-onic-20220318,game3,2022-03-18 18:00:00,BLCK,5,0,30.72,9,19,15,87089,2835,244162,7948,11,13,0,0,3,24,1.87,30,5443.06,1145.91,15260.12,3212.66,9,2,0,27
https://ph-mpl.com/data/match/blck-onic-20220318,game3,2022-03-18 18:00:00,ONIC,5,1,30.72,15,30,9,101701,3310,215480,7015,18,21,6,3,9,39,5.0,13,3178.16,651.93,6733.75,1381.28,9,2,5,27
https://ph-mpl.com/data/match/omg-tnc-20220318,game1,2022-03-18 20:00:00,TNC,5,0,18.0,6,13,13,50696,2816,218081,12115,10,8,1,2,4,18,1.46,27,3802.2,792.12,16356.08,3407.52,39,0,7,28
https://ph-mpl.com/data/match/omg-tnc-20220318,game1,2022-03-18 20:00:00,OMG,5,1,18.0,13,27,6,56816,3156,170502,9472,8,10,1,1,9,18,6.67,11,1936.91,489.79,5812.57,1469.84,39,0,4,28
https://ph-mpl.com/data/match/omg-tnc-20220318,game2,2022-03-18 20:00:00,OMG,5,0,15.97,5,11,16,45367,2841,125092,7834,7,8,0,1,0,15,1.0,36,6805.05,945.15,18763.8,2606.08,39,1,4,28
https://ph-mpl.com/data/match/omg-tnc-20220318,game2,2022-03-18 20:00:00,TNC,5,1,15.97,16,36,5,57556,3604,174019,10898,9,10,2,2,9,19,10.4,0,1726.68,359.72,5220.57,1087.62,39,1,7,28
https://ph-mpl.com/data/match/omg-tnc-20220318,game3,2022-03-18 20:00:00,OMG,5,0,17.32,0,0,8,44584,2574,155608,8986,5,5,0,0,0,10,0.0,17,0.0,0.0,0.0,0.0,39,2,4,28
https://ph-mpl.com/data/match/omg-tnc-20220318,game3,2022-03-18 20:00:00,TNC,5,1,17.32,8,17,0,59909,3459,160889,9290,10,13,3,3,9,23,25.0,45,2643.04,651.18,7098.04,1748.79,39,2,7,28
https://ph-mpl.com/data/match/rsg-nxpe-20220319,game1,2022-03-19 16:00:00,RSG,5,1,18.5,18,45,6,59112,3195,220153,11900,11,14,3,1,9,25,10.5,15,1642.0,301.59,6115.36,1123.23,49,0,6,29
https://ph-mpl.com/data/match/rsg-nxpe-20220319,game1,2022-03-19 16:00:00,NXPE,5,0,18.5,6,15,18,46923,2536,128547,6948,7,6,0,1,3,13,1.17,42,3910.25,733.17,10712.25,2008.55,49,0,3,29
https://ph-mpl.com/data/match/rsg-nxpe-20220319,game2,2022-03-19 16:00:00,RSG,5,1,18.72,18,42,6,61392,3280,240938,12872,11,10,2,3,9,21,10.0,17,1705.33,326.55,6692.72,1281.59,49,1,6,29
https://ph-mpl.com/data/match/rsg-nxpe-20220319,game2,2022-03-19 16:00:00,NXPE,5,0,18.72,6,17,18,53792,2874,161383,8622,7,8,1,0,5,15,1.28,42,3667.64,747.11,11003.39,2241.43,49,1,3,29
https://ph-mpl.com/data/match/bren-echo-20220319,game1,2022-03-19 18:00:00,BREN,5,1,16.68,19,42,11,56101,3362,203682,12208,10,15,2,3,9,25,5.55,23,1502.71,298.41,5455.77,1083.41,15,0,1,30
https://ph-mpl.com/data/match/bren-echo-20220319,game1,2022-03-19 18:00:00,ECHO,5,0,16.68,11,23,19,47217,2830,233033,13968,4,4,0,0,0,8,1.79,22,3219.34,513.23,15888.61,2532.97,15,0,2,30
https://ph-mpl.com/data/match/bren-echo-20220319,game2,2022-03-19 18:00:00,ECHO,5,0,19.9,12,22,19,56162,2822,166078,8345,9,10,1,0,9,19,1.79,54,2005.79,610.46,5931.36,1805.2,15,1,2,30
https://ph-mpl.com/data/match/bren-echo-20220319,game2,2022-03-19 18:00:00,BREN,5,1,19.9,19,54,12,63299,3180,275837,13861,9,12,2,3,9,21,6.08,46,1695.51,268.22,7388.49,1168.8,15,1,1,30
https://ph-mpl.com/data/match/blck-tnc-20220319,game1,2022-03-19 20:00:00,BLCK,5,1,23.52,21,46,11,72148,3067,317555,13503,11,13,2,3,8,24,6.09,21,1865.9,353.67,8212.63,1556.64,13,0,0,31
https://ph-mpl.com/data/match/blck-tnc-20220319,game1,2022-03-19 20:00:00,TNC,5,0,23.52,11,21,21,68483,2912,231995,9865,11,10,2,0,5,21,1.52,33,3210.14,744.38,10874.77,2521.68,13,0,7,31
https://ph-mpl.com/data/match/blck-tnc-20220319,game2,2022-03-19 20:00:00,TNC,5,1,16.48,16,33,5,54460,3303,208595,12654,7,10,1,0,9,17,9.8,7,1633.8,400.44,6257.85,1533.79,13,1,7,31
https://ph-mpl.com/data/match/blck-tnc-20220319,game2,2022-03-19 20:00:00,BLCK,5,0,16.48,5,7,16,48276,2928,153640,9320,8,8,1,3,3,16,0.75,34,4525.88,1097.18,14403.75,3491.82,13,1,0,31
https://ph-mpl.com/data/match/blck-tnc-20220319,game3,2022-03-19 20:00:00,TNC,5,1,14.6,14,34,2,50956,3490,179710,12308,6,8,2,2,8,14,24.0,7,1737.14,335.24,6126.48,1182.3,13,2,7,31
https://ph-mpl.com/data/match/blck-tnc-20220319,game3,2022-03-19 20:00:00,BLCK,5,0,14.6,2,7,14,38015,2603,74408,5096,8,7,0,1,2,15,0.64,25,7127.81,1187.97,13951.5,2325.25,13,2,0,31
https://ph-mpl.com/data/match/onic-nxpe-20220320,game1,2022-03-20 18:00:00,NXPE,5,0,16.97,15,25,18,50481,2975,207933,12255,9,8,2,3,5,17,2.22,48,1893.04,420.68,7797.49,1732.78,43,0,3,32
https://ph-mpl.com/data/match/onic-nxpe-20220320,game1,2022-03-20 18:00:00,ONIC,5,1,16.97,18,48,15,58502,3448,213102,12560,6,9,1,0,7,15,4.4,35,1755.06,298.48,6393.06,1087.26,43,0,5,32
https://ph-mpl.com/data/match/onic-nxpe-20220320,game2,2022-03-20 18:00:00,ONIC,5,0,14.78,5,12,14,39025,2639,124865,8446,6,5,0,2,1,11,1.21,22,4878.12,696.88,15608.12,2229.73,43,1,5,32
https://ph-mpl.com/data/match/onic-nxpe-20220320,game2,2022-03-20 18:00:00,NXPE,5,1,14.78,14,33,5,48746,3297,179062,12112,9,9,1,1,8,18,9.4,24,1661.8,348.19,6104.39,1279.01,43,1,3,32
https://ph-mpl.com/data/match/onic-nxpe-20220320,game3,2022-03-20 18:00:00,ONIC,5,1,16.55,12,35,11,50240,3035,159115,9614,7,9,2,3,7,16,4.27,11,1983.16,314.0,6280.86,994.47,43,2,5,32
https://ph-mpl.com/data/match/onic-nxpe-20220320,game3,2022-03-20 18:00:00,NXPE,5,0,16.55,11,16,12,46116,2786,103147,6232,9,8,1,0,3,17,2.25,0,2470.5,678.18,5525.73,1516.87,43,2,3,32
https://ph-mpl.com/data/match/omg-echo-20220320,game1,2022-03-20 20:00:00,OMG,5,0,28.2,14,26,19,85708,3039,395774,14034,13,11,2,3,6,24,2.11,50,3214.05,691.19,14841.52,3191.73,34,0,4,33
https://ph-mpl.com/data/match/omg-echo-20220320,game1,2022-03-20 20:00:00,ECHO,5,1,28.2,19,43,14,85747,3040,343386,12176,15,19,4,0,9,34,4.43,31,2296.79,456.1,9197.84,1826.52,34,0,2,33
https://ph-mpl.com/data/match/omg-echo-20220320,game2,2022-03-20 20:00:00,ECHO,5,1,14.98,24,59,6,51185,3416,201893,13474,7,11,2,3,8,18,13.83,45,1199.65,199.94,4731.87,788.64,34,1,2,33
https://ph-mpl.com/data/match/omg-echo-20220320,game2,2022-03-20 20:00:00,OMG,5,0,14.98,6,15,24,41476,2768,135295,9029,7,6,0,0,2,13,0.88,44,3888.38,691.27,12683.91,2254.92,34,1,4,33
https://ph-mpl.com/data/match/rsg-bren-20220325,game1,2022-03-25 18:00:00,RSG,6,1,14.17,15,30,5,46690,3295,138005,9741,6,11,2,2,7,17,9.0,42,1591.7,343.31,4704.72,1014.74,47,0,6,34
https://ph-mpl.com/data/match/rsg-bren-20220325,game1,2022-03-25 18:00:00,BREN,6,0,14.17,5,10,15,35501,2505,94711,6685,6,5,0,1,2,11,1.0,37,3803.68,806.84,10147.61,2152.52,47,0,1,34
https://ph-mpl.com/data/match/rsg-bren-20220325,game2,2022-03-25 18:00:00,RSG,6,1,15.32,9,22,5,52501,3427,159483,10412,8,10,2,3,9,18,6.2,11,2187.54,486.12,6645.12,1476.69,47,1,6,34
https://ph-mpl.com/data/match/rsg-bren-20220325,game2,2022-03-25 18:00:00,BREN,6,0,15.32,5,9,9,41032,2678,167792,10954,4,8,0,0,1,12,1.56,24,5129.0,1139.78,20974.0,4660.89,47,1,1,34
https://ph-mpl.com/data/match/blck-nxpe-20220325,game1,2022-03-25 20:00:00,BLCK,6,1,16.87,16,28,11,55499,3293,180863,10733,9,15,3,3,8,24,4.0,6,1734.34,408.08,5651.97,1329.88,5,0,0,35
https://ph-mpl.com/data/match/blck-nxpe-20220325,game1,2022-03-25 20:00:00,NXPE,6,0,16.87,11,26,16,46683,2770,225274,13369,5,3,0,0,1,8,2.31,21,2917.69,448.88,14079.62,2166.1,5,0,3,35
https://ph-mpl.com/data/match/blck-nxpe-20220325,game2,2022-03-25 20:00:00,BLCK,6,0,13.97,12,26,22,40883,2927,173906,12451,5,5,0,1,0,10,1.73,42,2555.19,378.55,10869.12,1610.24,5,1,0,35
https://ph-mpl.com/data/match/blck-nxpe-20220325,game2,2022-03-25 20:00:00,NXPE,6,1,13.97,22,48,13,45623,3266,239235,17128,7,9,1,2,5,16,5.38,34,1267.31,223.64,6645.42,1172.72,5,1,3,35
https://ph-mpl.com/data/match/blck-nxpe-20220325,game3,2022-03-25 20:00:00,NXPE,6,0,15.17,4,10,16,39543,2607,133549,8805,7,8,0,0,1,15,0.88,16,5931.45,988.58,20032.35,3338.72,5,2,3,35
https://ph-mpl.com/data/match/blck-nxpe-20220325,game3,2022-03-25 20:00:00,BLCK,6,1,15.17,16,43,4,52044,3431,186234,12279,8,9,2,3,8,17,14.75,37,1626.38,271.06,5819.81,969.97,5,2,0,35
https://ph-mpl.com/data/match/tnc-echo-20220326,game1,2022-03-26 16:00:00,TNC,6,0,17.93,8,15,18,49479,2759,198800,11085,8,9,0,1,2,17,1.28,47,3710.92,773.11,14910.0,3106.25,55,0,7,36
https://ph-mpl.com/data/match/tnc-echo-20220326,game1,2022-03-26 16:00:00,ECHO,6,1,17.93,18,44,8,57976,3232,233797,13037,8,11,3,2,8,19,7.75,50,1672.38,295.8,6744.14,1192.84,55,0,2,36
https://ph-mpl.com/data/match/tnc-echo-20220326,game2,2022-03-26 16:00:00,TNC,6,1,18.93,6,12,19,54408,2873,141957,7497,9,11,0,3,5,20,0.95,63,3709.64,906.8,9678.89,2365.95,55,1,7,36
https://ph-mpl.com/data/match/tnc-echo-20220326,game2,2022-03-26 16:00:00,ECHO,6,0,18.93,19,35,6,57539,3039,231408,12222,9,11,2,0,7,20,9.0,34,1659.78,388.78,6675.23,1563.57,55,1,2,36
https://ph-mpl.com/data/match/tnc-echo-20220326,game3,2022-03-26 16:00:00,ECHO,6,0,17.1,9,22,12,45460,2658,128647,7523,6,4,0,0,1,10,2.58,29,3409.5,516.59,9648.52,1461.9,55,2,2,36
https://ph-mpl.com/data/match/tnc-echo-20220326,game3,2022-03-26 16:00:00,TNC,6,1,17.1,12,24,9,57267,3348,186406,10900,9,14,2,3,9,23,4.0,52,2045.25,493.68,6657.36,1606.95,55,2,7,36
https://ph-mpl.com/data/match/onic-bren-20220326,game1,2022-03-26 18:00:00,ONIC,6,0,28.17,20,44,24,83772,2974,449109,15944,11,18,3,3,9,29,2.67,41,2166.52,418.86,11614.89,2245.54,41,0,5,37
https://ph-mpl.com/data/match/onic-bren-20220326,game1,2022-03-26 18:00:00,BREN,6,1,28.17,24,61,20,90361,3208,359021,12746,12,9,2,0,7,21,4.25,28,2186.15,358.58,8685.99,1424.69,41,0,1,37
https://ph-mpl.com/data/match/onic-bren-20220326,game2,2022-03-26 18:00:00,BREN,6,1,13.77,9,17,1,47035,3416,168352,12228,11,11,2,3,9,22,26.0,40,1959.79,534.49,7014.67,1913.09,41,1,1,37
https://ph-mpl.com/data/match/onic-bren-20220326,game2,2022-03-26 18:00:00,ONIC,6,0,13.77,1,4,9,33983,2468,111006,8063,3,4,0,0,2,7,0.56,6,8495.75,2123.94,27751.5,6937.88,41,1,5,37
https://ph-mpl.com/data/match/omg-rsg-20220326,game1,2022-03-26 20:00:00,RSG,6,1,28.77,15,20,9,91759,3189,395410,13745,17,17,4,3,9,34,3.89,34,2867.47,849.62,12356.56,3661.2,37,0,6,38
https://ph-mpl.com/data/match/omg-rsg-20220326,game1,2022-03-26 20:00:00,OMG,6,0,28.77,9,22,15,83832,2914,268712,9341,11,14,1,0,7,25,2.07,32,3929.62,911.22,12595.88,2920.78,37,0,4,38
https://ph-mpl.com/data/match/omg-rsg-20220326,game2,2022-03-26 20:00:00,RSG,6,0,16.88,1,1,10,41010,2429,90376,5352,7,5,0,0,0,12,0.2,24,30757.5,10252.5,67782.0,22594.0,37,1,6,38
https://ph-mpl.com/data/match/omg-rsg-20220326,game2,2022-03-26 20:00:00,OMG,6,1,16.88,10,17,1,58179,3445,159881,9469,9,14,3,3,9,23,27.0,31,2296.54,632.38,6311.09,1737.84,37,1,4,38
https://ph-mpl.com/data/match/omg-rsg-20220326,game3,2022-03-26 20:00:00,OMG,6,0,16.7,7,15,14,43394,2598,144680,8663,5,5,0,0,2,10,1.57,24,3616.17,723.23,12056.67,2411.33,37,2,4,38
https://ph-mpl.com/data/match/omg-rsg-20220326,game3,2022-03-26 20:00:00,RSG,6,1,16.7,14,38,7,52353,3134,162836,9750,11,13,2,3,7,24,7.43,19,1869.75,304.38,5815.57,946.72,37,2,6,38
https://ph-mpl.com/data/match/blck-echo-20220327,game1,2022-03-27 18:00:00,ECHO,6,1,12.98,16,28,4,46563,3586,179134,13797,8,8,1,3,8,16,11.0,6,1455.09,363.77,5597.94,1399.48,3,0,2,39
https://ph-mpl.com/data/match/blck-echo-20220327,game1,2022-03-27 18:00:00,BLCK,6,0,12.98,4,9,16,34631,2667,170706,13148,5,4,0,0,2,9,0.81,25,4328.88,961.97,21338.25,4741.83,3,0,0,39
https://ph-mpl.com/data/match/blck-echo-20220327,game2,2022-03-27 18:00:00,ECHO,6,1,11.17,25,64,5,44031,3943,207764,18605,5,7,1,3,9,12,17.8,8,971.27,161.88,4583.03,763.84,3,1,2,39
https://ph-mpl.com/data/match/blck-echo-20220327,game2,2022-03-27 18:00:00,BLCK,6,0,11.17,5,10,25,27776,2487,103623,9279,5,4,0,0,0,9,0.6,23,4166.4,694.4,15543.45,2590.57,3,1,0,39
https://ph-mpl.com/data/match/nxpe-bren-20220327,game1,2022-03-27 20:00:00,NXPE,6,1,17.43,18,38,8,56156,3221,215174,12342,10,9,3,1,7,19,7.0,23,1684.68,334.26,6455.22,1280.8,27,0,3,40
https://ph-mpl.com/data/match/nxpe-bren-20220327,game1,2022-03-27 20:00:00,BREN,6,0,17.43,8,21,18,48313,2771,175417,10062,6,9,0,2,2,15,1.61,35,3623.48,525.14,13156.28,1906.71,27,0,1,40
https://ph-mpl.com/data/match/nxpe-bren-20220327,game2,2022-03-27 20:00:00,NXPE,6,1,17.8,19,50,6,54070,3037,288909,16230,9,7,1,1,6,16,11.5,32,1622.1,259.95,8667.27,1388.99,27,1,3,40
https://ph-mpl.com/data/match/nxpe-bren-20220327,game2,2022-03-27 20:00:00,BREN,6,0,17.8,6,12,19,46486,2611,214281,12038,7,9,1,2,3,16,0.95,12,3873.83,774.77,17856.75,3571.35,27,1,1,40
https://ph-mpl.com/data/match/tnc-rsg-20220401,game1,2022-04-01 18:00:00,TNC,7,0,13.85,2,6,10,35885,2590,78474,5665,4,4,0,1,2,8,0.8,11,6728.44,1281.61,14713.88,2802.64,60,0,7,41
https://ph-mpl.com/data/match/tnc-rsg-20220401,game1,2022-04-01 18:00:00,RSG,7,1,13.85,10,20,2,49366,3564,164234,11858,9,10,2,2,9,19,15.0,54,1948.66,514.23,6482.92,1710.77,60,0,6,41
https://ph-mpl.com/data/match/tnc-rsg-20220401,game2,2022-04-01 18:00:00,RSG,7,1,12.13,15,23,3,41723,3438,153233,12629,9,10,1,3,7,19,12.67,24,1422.38,386.32,5223.85,1418.82,60,1,6,41
https://ph-mpl.com/data/match/tnc-rsg-20220401,game2,2022-04-01 18:00:00,TNC,7,0,12.13,3,10,15,29208,2407,127684,10523,2,2,0,0,0,4,0.87,14,7302.0,730.2,31921.0,3192.1,60,1,7,41
https://ph-mpl.com/data/match/onic-omg-20220401,game1,2022-04-01 20:00:00,OMG,7,1,17.5,13,31,9,52245,2985,190060,10860,7,7,2,1,6,14,4.89,25,2062.3,384.15,7502.37,1397.5,45,0,4,42
https://ph-mpl.com/data/match/onic-omg-20220401,game1,2022-04-01 20:00:00,ONIC,7,0,17.5,9,23,13,49740,2842,168985,9656,10,11,1,2,6,21,2.46,22,2487.0,478.27,8449.25,1624.86,45,0,5,42
https://ph-mpl.com/data/match/onic-omg-20220401,game2,2022-04-01 20:00:00,ONIC,7,1,15.23,15,44,8,49159,3227,151069,9917,8,11,2,3,8,19,7.38,50,1603.01,250.81,4926.16,770.76,45,1,5,42
https://ph-mpl.com/data/match/onic-omg-20220401,game2,2022-04-01 20:00:00,OMG,7,0,15.23,8,19,15,40932,2687,168026,11030,7,5,0,0,2,12,1.8,50,3069.9,538.58,12601.95,2210.87,45,1,4,42
https://ph-mpl.com/data/match/onic-omg-20220401,game3,2022-04-01 20:00:00,ONIC,7,1,25.5,22,61,15,80326,3150,339802,13325,9,13,3,2,8,22,5.53,20,2008.15,304.27,8495.05,1287.13,45,2,5,42
https://ph-mpl.com/data/match/onic-omg-20220401,game3,2022-04-01 20:00:00,OMG,7,0,25.5,15,32,22,73280,2873,283306,11110,12,13,1,1,8,25,2.14,25,2389.57,538.82,9238.24,2083.13,45,2,4,42
https://ph-mpl.com/data/match/blck-bren-20220402,game1,2022-04-02 16:00:00,BREN,7,1,14.95,21,42,13,52672,3523,259458,17355,11,12,2,3,9,23,4.85,42,1316.8,280.17,6486.45,1380.1,1,0,1,43
https://ph-mpl.com/data/match/blck-bren-20220402,game1,2022-04-02 16:00:00,BLCK,7,0,14.95,13,25,21,41769,2793,148776,9951,4,4,0,0,1,8,1.81,61,2237.62,417.69,7970.14,1487.76,1,0,0,43
https://ph-mpl.com/data/match/blck-bren-20220402,game2,2022-04-02 16:00:00,BREN,7,0,14.0,13,25,14,40726,2909,166316,11879,7,10,1,3,6,17,2.71,44,1607.61,351.09,6565.11,1433.76,1,1,1,43
https://ph-mpl.com/data/match/blck-bren-20220402,game2,2022-04-02 16:00:00,BLCK,7,1,14.0,14,38,13,45865,3276,181823,12987,6,4,1,0,7,10,4.0,31,1638.04,294.01,6493.68,1165.53,1,1,0,43
https://ph-mpl.com/data/match/blck-bren-20220402,game3,2022-04-02 16:00:00,BLCK,7,0,22.68,10,20,16,65330,2880,255184,11249,10,7,1,2,7,17,1.88,23,2882.21,710.11,11258.12,2773.74,1,2,0,43
https://ph-mpl.com/data/match/blck-bren-20220402,game3,2022-04-02 16:00:00,BREN,7,1,22.68,16,41,10,74048,3264,367329,16193,11,19,2,1,9,30,5.7,6,2221.44,420.73,11019.87,2087.1,1,2,1,43
https://ph-mpl.com/data/match/echo-rsg-20220402,game1,2022-04-02 18:00:00,RSG,7,1,16.48,15,50,5,53741,3260,200866,12186,9,11,2,2,8,20,13.0,50,1752.42,248.8,6549.98,929.94,25,0,6,44
https://ph-mpl.com/data/match/echo-rsg-20220402,game1,2022-04-02 18:00:00,ECHO,7,0,16.48,5,8,15,41241,2501,138941,8429,7,6,0,1,0,13,0.87,38,6186.15,1145.58,20841.15,3859.47,25,0,2,44
https://ph-mpl.com/data/match/echo-rsg-20220402,game2,2022-04-02 18:00:00,RSG,7,1,15.72,19,50,9,52809,3360,224749,14300,9,11,2,2,8,20,7.67,64,1466.92,244.49,6243.03,1040.5,25,1,6,44
https://ph-mpl.com/data/match/echo-rsg-20220402,game2,2022-04-02 18:00:00,ECHO,7,0,15.72,9,17,19,42153,2682,182400,11605,6,6,0,1,2,12,1.37,28,2874.07,585.46,12436.36,2533.33,25,1,2,44
https://ph-mpl.com/data/match/nxpe-omg-20220402,game1,2022-04-02 20:00:00,NXPE,7,0,18.28,9,22,17,49852,2726,193683,10593,8,6,1,0,2,14,1.82,15,3399.0,541.87,13205.66,2105.25,29,0,3,45
https://ph-mpl.com/data/match/nxpe-omg-20220402,game1,2022-04-02 20:00:00,OMG,7,1,18.28,17,37,9,55495,3035,340248,18609,8,10,2,3,8,18,6.0,1,1664.85,330.33,10207.44,2025.29,29,0,4,45
https://ph-mpl.com/data/match/nxpe-omg-20220402,game2,2022-04-02 20:00:00,OMG,7,1,12.15,13,25,2,42687,3513,149475,12302,6,7,1,2,8,13,19.0,20,1524.54,381.13,5338.39,1334.6,29,1,4,45
https://ph-mpl.com/data/match/nxpe-omg-20220402,game2,2022-04-02 20:00:00,NXPE,7,0,12.15,2,4,13,31384,2583,95753,7880,5,6,0,1,0,11,0.46,17,11769.0,1569.2,35907.38,4787.65,29,1,3,45
https://ph-mpl.com/data/match/tnc-onic-20220403,game1,2022-04-03 18:00:00,ONIC,7,0,13.5,5,14,5,34491,2554,63756,4722,3,5,0,0,1,8,3.8,44,4311.38,615.91,7969.5,1138.5,58,0,5,46
https://ph-mpl.com/data/match/tnc-onic-20220403,game1,2022-04-03 18:00:00,TNC,7,1,13.5,5,13,5,45586,3376,100586,7450,10,10,2,3,8,20,3.6,22,2629.96,633.14,5803.04,1397.03,58,0,7,46
https://ph-mpl.com/data/match/tnc-onic-20220403,game2,2022-04-03 18:00:00,ONIC,7,0,19.48,12,24,27,56375,2893,234111,12015,8,9,2,0,5,17,1.33,12,2487.13,542.07,10328.43,2251.07,58,1,5,46
https://ph-mpl.com/data/match/tnc-onic-20220403,game2,2022-04-03 18:00:00,TNC,7,1,19.48,27,72,12,64658,3318,263766,13538,9,10,1,2,9,19,8.25,15,1347.04,215.53,5495.12,879.22,58,1,7,46
https://ph-mpl.com/data/match/blck-rsg-20220403,game1,2022-04-03 20:00:00,RSG,7,1,20.43,22,54,8,66942,3276,294559,14415,11,14,2,2,8,25,9.5,10,1673.55,288.54,7363.98,1269.65,11,0,6,47
https://ph-mpl.com/data/match/blck-rsg-20220403,game1,2022-04-03 20:00:00,BLCK,7,0,20.43,8,17,22,56008,2741,171763,8406,7,10,0,1,3,17,1.14,26,3818.73,777.89,11711.11,2385.6,11,0,0,47
https://ph-mpl.com/data/match/blck-rsg-20220403,game2,2022-04-03 20:00:00,RSG,7,0,13.38,6,11,17,38802,2899,149338,11158,6,6,1,0,2,12,1.0,28,3637.69,808.38,14000.44,3111.21,11,1,6,47
https://ph-mpl.com/data/match/blck-rsg-20220403,game2,2022-04-03 20:00:00,BLCK,7,1,13.38,17,35,6,42730,3192,201357,15045,6,8,0,3,5,14,8.67,22,1456.7,281.12,6864.44,1324.72,11,1,0,47
https://ph-mpl.com/data/match/blck-rsg-20220403,game3,2022-04-03 20:00:00,RSG,7,0,12.48,7,12,12,34220,2741,165785,13280,3,5,0,1,1,8,1.58,30,3208.12,658.08,15542.34,3188.17,11,2,6,47
https://ph-mpl.com/data/match/blck-rsg-20220403,game3,2022-04-03 20:00:00,BLCK,7,1,12.48,12,22,7,42770,3426,171785,13761,8,8,1,2,8,16,4.86,59,1603.88,427.7,6441.94,1717.85,11,2,0,47
https://ph-mpl.com/data/match/bren-omg-20220408,game1,2022-04-08 18:00:00,OMG,8,1,20.6,11,32,7,60582,2940,204128,9909,6,9,0,0,6,15,6.14,26,2672.74,473.3,9005.65,1594.75,17,0,4,48
https://ph-mpl.com/data/match/bren-omg-20220408,game1,2022-04-08 18:00:00,BREN,8,0,20.6,7,18,11,60450,2934,217762,10570,14,13,3,3,7,27,2.27,35,3238.39,629.69,11665.82,2268.35,17,0,1,48
https://ph-mpl.com/data/match/bren-omg-20220408,game2,2022-04-08 18:00:00,OMG,8,0,22.73,15,35,20,63730,2803,381885,16798,10,11,1,0,8,21,2.5,12,2078.15,442.57,12452.77,2651.98,17,1,4,48
https://ph-mpl.com/data/match/bren-omg-20220408,game2,2022-04-08 18:00:00,BREN,8,1,22.73,20,51,15,68730,3023,370042,16277,9,12,1,3,7,21,4.73,25,1909.17,312.41,10278.94,1682.01,17,1,1,48
https://ph-mpl.com/data/match/bren-omg-20220408,game3,2022-04-08 18:00:00,BREN,8,0,15.42,11,23,17,40505,2627,167946,10893,6,5,0,1,2,11,2.0,34,2336.83,421.93,9689.19,1749.44,17,2,1,48
https://ph-mpl.com/data/match/bren-omg-20220408,game3,2022-04-08 18:00:00,OMG,8,1,15.42,17,40,11,49926,3238,204822,13285,7,10,2,2,9,17,5.18,33,1440.17,283.67,5908.33,1163.76,17,2,4,48
https://ph-mpl.com/data/match/echo-onic-20220408,game1,2022-04-08 20:00:00,ECHO,8,1,14.15,12,23,10,45521,3217,116558,8237,7,10,2,1,8,17,3.5,46,1707.04,437.7,4370.92,1120.75,23,0,2,49
https://ph-mpl.com/data/match/echo-onic-20220408,game1,2022-04-08 20:00:00,ONIC,8,0,14.15,10,22,12,39091,2762,153574,10853,7,5,0,2,3,12,2.67,22,2255.25,407.2,8860.04,1599.73,23,0,5,49
https://ph-mpl.com/data/match/echo-onic-20220408,game2,2022-04-08 20:00:00,ECHO,8,0,14.65,4,8,13,36755,2508,107064,7308,5,7,0,1,2,12,0.92,42,4594.38,1020.97,13383.0,2974.0,23,1,2,49
https://ph-mpl.com/data/match/echo-onic-20220408,game2,2022-04-08 20:00:00,ONIC,8,1,14.65,13,31,4,50239,3429,135898,9276,9,8,2,2,9,17,11.0,42,1712.69,358.85,4632.89,970.7,23,1,5,49
https://ph-mpl.com/data/match/echo-onic-20220408,game3,2022-04-08 20:00:00,ONIC,8,1,14.9,13,25,13,50878,3414,230027,15438,7,9,2,3,9,16,2.92,45,1734.48,423.98,7841.83,1916.89,23,2,5,49
https://ph-mpl.com/data/match/echo-onic-20220408,game3,2022-04-08 20:00:00,ECHO,8,0,14.9,13,22,13,42776,2870,148341,9955,7,7,0,0,2,14,2.69,0,2138.8,486.09,7417.05,1685.69,23,2,2,49
https://ph-mpl.com/data/match/nxpe-tnc-20220409,game1,2022-04-09 16:00:00,NXPE,8,0,14.9,4,6,10,38964,2635,90261,6105,6,7,0,1,1,13,1.0,11,5844.6,1391.57,13539.15,3223.61,32,0,3,50
https://ph-mpl.com/data/match/nxpe-tnc-20220409,game1,2022-04-09 16:00:00,TNC,8,1,14.9,10,31,4,49321,3336,147707,9991,8,9,2,2,9,17,10.25,13,1946.88,352.29,5830.54,1055.05,32,0,7,50
https://ph-mpl.com/data/match/nxpe-tnc-20220409,game2,2022-04-09 16:00:00,TNC,8,1,14.62,8,19,5,49498,3386,133423,9128,9,10,2,3,9,19,5.4,19,2183.74,515.6,5886.31,1389.82,32,1,7,50
https://ph-mpl.com/data/match/nxpe-tnc-20220409,game2,2022-04-09 16:00:00,NXPE,8,0,14.62,5,6,8,40245,2753,84182,5759,5,5,0,0,2,10,1.38,26,4311.96,1676.88,9019.5,3507.58,32,1,3,50
https://ph-mpl.com/data/match/blck-omg-20220409,game1,2022-04-09 18:00:00,BLCK,8,0,18.1,11,24,16,55805,3083,185319,10238,11,10,2,1,7,21,2.19,34,2325.21,516.71,7721.62,1715.92,7,0,0,51
https://ph-mpl.com/data/match/blck-omg-20220409,game1,2022-04-09 18:00:00,OMG,8,1,18.1,16,29,11,56421,3117,184867,10213,6,9,1,2,4,15,4.09,9,2115.79,440.79,6932.51,1444.27,7,0,4,51
https://ph-mpl.com/data/match/blck-omg-20220409,game2,2022-04-09 18:00:00,BLCK,8,0,29.68,13,31,19,88639,2986,460127,15501,11,12,1,1,7,23,2.32,22,3323.96,671.51,17254.76,3485.81,7,1,0,51
https://ph-mpl.com/data/match/blck-omg-20220409,game2,2022-04-09 18:00:00,OMG,8,1,29.68,19,38,13,88722,2988,465428,15679,13,17,4,2,9,30,4.38,29,2376.48,504.1,12466.82,2644.48,7,1,4,51
https://ph-mpl.com/data/match/rsg-onic-20220409,game1,2022-04-09 20:00:00,ONIC,8,0,23.27,13,24,15,66414,2854,271979,11689,11,16,2,1,7,27,2.47,17,2490.52,614.94,10199.21,2518.32,52,0,5,52
https://ph-mpl.com/data/match/rsg-onic-20220409,game1,2022-04-09 20:00:00,RSG,8,1,23.27,15,40,13,73909,3176,243111,10448,10,8,2,2,9,18,4.23,35,2309.66,419.94,7597.22,1381.31,52,0,6,52
https://ph-mpl.com/data/match/rsg-onic-20220409,game2,2022-04-09 20:00:00,ONIC,8,0,17.17,12,32,15,49463,2881,187101,10899,9,9,2,3,6,18,2.93,24,2060.96,334.21,7795.88,1264.2,52,1,5,52
https://ph-mpl.com/data/match/rsg-onic-20220409,game2,2022-04-09 20:00:00,RSG,8,1,17.17,15,40,12,51251,2985,204277,11899,5,9,0,0,8,14,4.58,29,1671.23,320.32,6661.21,1276.73,52,1,6,52
https://ph-mpl.com/data/match/bren-tnc-20220410,game1,2022-04-10 18:00:00,BREN,8,1,19.08,14,34,11,61553,3225,212495,11135,9,8,3,0,8,17,4.36,23,2098.4,415.9,7244.15,1435.78,19,0,1,53
https://ph-mpl.com/data/match/bren-tnc-20220410,game1,2022-04-10 18:00:00,TNC,8,0,19.08,11,17,14,57304,3002,227976,11946,9,11,0,3,6,20,2.0,10,2528.12,716.3,10057.76,2849.7,19,0,7,53
https://ph-mpl.com/data/match/bren-tnc-20220410,game2,2022-04-10 18:00:00,TNC,8,0,16.73,4,6,7,42794,2557,120786,7218,5,5,0,1,2,10,1.43,14,5349.25,1528.36,15098.25,4313.79,19,1,7,53
https://ph-mpl.com/data/match/bren-tnc-20220410,game2,2022-04-10 18:00:00,BREN,8,1,16.73,7,14,4,54232,3240,123897,7404,10,14,3,2,9,24,5.25,36,2542.12,713.58,5807.67,1630.22,19,1,1,53
https://ph-mpl.com/data/match/echo-nxpe-20220410,game1,2022-04-10 20:00:00,NXPE,8,1,20.52,17,40,16,63844,3111,224761,10955,10,10,0,0,7,20,3.56,41,1995.12,399.02,7023.78,1404.76,20,0,3,54
https://ph-mpl.com/data/match/echo-nxpe-20220410,game1,2022-04-10 20:00:00,ECHO,8,0,20.52,16,36,17,60222,2935,199620,9729,10,7,3,3,9,17,3.06,41,1806.66,358.46,5988.6,1188.21,20,0,2,54
https://ph-mpl.com/data/match/echo-nxpe-20220410,game2,2022-04-10 20:00:00,NXPE,8,1,14.1,17,28,5,49407,3504,134716,9554,8,9,2,3,9,17,9.0,61,1425.2,374.3,3886.04,1020.58,20,1,3,54
https://ph-mpl.com/data/match/echo-nxpe-20220410,game2,2022-04-10 20:00:00,ECHO,8,0,14.1,5,9,17,36778,2608,79985,5672,4,6,0,0,1,10,0.82,30,4597.25,1021.61,9998.12,2221.81,20,1,2,54
https://ph-mpl.com/data/match/echo-omg-20220428,game1,2022-04-28 16:00:00,OMG,9,1,10.38,18,41,14,51804,3367,200885,13058,8,6,2,1,9,14,4.21,48,1439.0,294.34,5580.14,1141.39,21,0,4,55
https://ph-mpl.com/data/match/echo-omg-20220428,game1,2022-04-28 16:00:00,ECHO,9,0,10.38,14,23,18,44959,2922,135265,8792,8,9,0,2,5,17,2.06,1,1774.7,449.59,5339.41,1352.65,21,0,2,55
https://ph-mpl.com/data/match/echo-omg-20220428,game2,2022-04-28 16:00:00,OMG,9,1,10.38,21,52,15,76841,3079,291621,11688,12,14,4,1,9,26,4.87,20,1921.02,337.02,7290.52,1279.04,21,1,4,55
https://ph-mpl.com/data/match/echo-omg-20220428,game2,2022-04-28 16:00:00,ECHO,9,0,10.38,15,30,21,73198,2933,410752,16463,12,11,1,2,6,23,2.14,8,2614.21,554.53,14669.71,3111.76,21,1,2,55
https://ph-mpl.com/data/match/echo-omg-20220428,game3,2022-04-28 16:00:00,ECHO,9,0,23.67,12,29,18,65657,2774,188089,7947,12,15,3,3,9,27,2.28,28,2344.89,468.98,6717.46,1343.49,21,2,2,55
https://ph-mpl.com/data/match/echo-omg-20220428,game3,2022-04-28 16:00:00,OMG,9,1,23.67,18,41,12,72487,3062,263935,11152,8,7,1,0,6,15,4.92,14,2265.22,431.47,8247.97,1571.04,21,2,4,55
https://ph-mpl.com/data/match/nxpe-onic-20220428,game1,2022-04-28 19:00:00,NXPE,9,1,14.38,43,34,25,52073,2797,384222,20638,7,11,0,0,8,18,3.08,27,765.78,382.89,5650.32,2825.16,30,0,3,56
https://ph-mpl.com/data/match/nxpe-onic-20220428,game1,2022-04-28 19:00:00,ONIC,9,0,14.38,25,33,43,49342,2650,165995,8916,2,4,0,2,5,6,1.35,35,1233.55,352.44,4149.88,1185.68,30,0,5,56
https://ph-mpl.com/data/match/nxpe-onic-20220428,game2,2022-04-28 19:00:00,NXPE,9,0,22.0,24,63,6,47679,3314,232902,16192,4,12,2,1,7,16,14.5,11,1153.52,180.6,5634.73,882.2,30,1,3,56
https://ph-mpl.com/data/match/nxpe-onic-20220428,game2,2022-04-28 19:00:00,ONIC,9,1,22.0,5,17,24,37165,2583,115517,8031,6,3,0,2,0,9,0.92,37,5574.75,489.01,17327.55,1519.96,30,1,5,56
https://ph-mpl.com/data/match/nxpe-onic-20220428,game3,2022-04-28 19:00:00,ONIC,9,1,19.15,22,50,10,69697,3168,268505,12204,11,16,4,2,9,27,7.2,25,1686.22,311.15,6496.09,1198.68,30,2,5,56
https://ph-mpl.com/data/match/nxpe-onic-20220428,game3,2022-04-28 19:00:00,NXPE,9,0,19.15,10,15,22,61685,2803,319937,14542,10,6,0,1,3,16,1.14,47,3558.75,963.83,18457.9,4999.02,30,2,3,56
https://ph-mpl.com/data/match/nxpe-onic-20220428,game4,2022-04-28 19:00:00,ONIC,9,0,12.65,19,47,10,61256,3198,229636,11991,12,15,3,2,9,27,6.6,11,1640.79,294.5,6150.96,1104.02,30,3,5,56
https://ph-mpl.com/data/match/nxpe-onic-20220428,game4,2022-04-28 19:00:00,NXPE,9,1,12.65,10,21,19,54569,2849,145285,7586,7,6,0,1,3,13,1.63,17,3148.21,620.1,8381.83,1650.97,30,3,3,56
https://ph-mpl.com/data/match/nxpe-onic-20220428,game5,2022-04-28 19:00:00,NXPE,9,0,25.17,20,37,8,41344,3268,204299,16150,5,8,0,0,7,13,7.12,12,1148.44,279.35,5674.97,1380.4,30,4,3,56
https://ph-mpl.com/data/match/nxpe-onic-20220428,game5,2022-04-28 19:00:00,ONIC,9,1,25.17,8,13,20,35173,2780,135446,10707,5,5,1,3,2,10,1.05,41,2637.98,517.25,10158.45,1991.85,30,4,5,56
https://ph-mpl.com/data/match/rsg-onic-20220429,game1,2022-04-29 19:00:00,ONIC,9,0,17.73,7,16,20,46926,2646,161232,9092,9,5,0,1,1,14,1.15,34,4399.31,690.09,15115.5,2371.06,53,0,5,57
https://ph-mpl.com/data/match/rsg-onic-20220429,game1,2022-04-29 19:00:00,RSG,9,1,17.73,20,42,7,58745,3312,190837,10761,8,13,3,2,9,21,8.86,13,1519.27,312.47,4935.44,1015.09,53,0,6,57
https://ph-mpl.com/data/match/rsg-onic-20220429,game2,2022-04-29 19:00:00,RSG,9,1,25.53,19,34,10,72494,2839,317787,12445,10,16,2,2,8,26,5.3,11,2013.72,476.93,8827.42,2090.7,53,1,6,57
https://ph-mpl.com/data/match/rsg-onic-20220429,game2,2022-04-29 19:00:00,ONIC,9,0,25.53,10,24,19,72135,2825,256796,10057,14,11,1,1,6,25,1.79,26,3381.33,693.61,12037.31,2469.19,53,1,5,57
https://ph-mpl.com/data/match/rsg-onic-20220429,game3,2022-04-29 19:00:00,RSG,9,1,22.77,14,42,8,71429,3137,269011,11816,10,9,2,0,9,19,7.0,2,2329.21,405.85,8772.1,1528.47,53,2,6,57
https://ph-mpl.com/data/match/rsg-onic-20220429,game3,2022-04-29 19:00:00,ONIC,9,0,22.77,8,17,14,63183,2775,159979,7026,12,14,2,3,7,26,1.79,21,3159.15,717.99,7998.95,1817.94,53,2,5,57
https://ph-mpl.com/data/match/omg-onic-20220430,game1,2022-04-30 19:00:00,ONIC,9,0,16.12,10,21,13,44885,2785,196835,12213,7,10,1,0,3,17,2.38,50,2589.52,510.06,11355.87,2236.76,35,0,5,59
https://ph-mpl.com/data/match/omg-onic-20220430,game1,2022-04-30 16:00:00,OMG,9,1,16.12,13,27,10,52858,3279,184641,11456,9,8,1,3,7,17,4.0,33,1982.18,426.27,6924.04,1489.04,35,0,4,58
https://ph-mpl.com/data/match/omg-onic-20220430,game2,2022-04-30 16:00:00,ONIC,9,0,14.67,3,6,9,39564,2697,113737,7754,7,7,0,3,3,14,1.0,33,4945.5,1099.0,14217.12,3159.36,35,1,5,58
https://ph-mpl.com/data/match/omg-onic-20220430,game2,2022-04-30 16:00:00,OMG,9,1,14.67,9,22,3,46274,3155,124127,8463,8,9,2,0,8,17,10.33,37,2041.5,482.02,5476.19,1292.99,35,1,4,58
https://ph-mpl.com/data/match/omg-onic-20220430,game3,2022-04-30 16:00:00,ONIC,9,0,13.03,9,24,17,35219,2702,112175,8606,4,6,0,1,0,10,1.94,14,2934.92,352.19,9347.92,1121.75,35,2,5,58
https://ph-mpl.com/data/match/omg-onic-20220430,game3,2022-04-30 16:00:00,OMG,9,1,13.03,17,30,9,46208,3545,153607,11785,8,7,1,2,9,15,5.22,26,1332.92,350.06,4430.97,1163.69,35,2,4,58
https://ph-mpl.com/data/match/tnc-rsg-20220430,game1,2022-04-30 19:00:00,TNC,9,0,16.9,5,11,19,43182,2555,137778,8152,8,6,0,0,3,14,0.84,36,4048.31,981.41,12916.69,3131.32,61,0,7,59
https://ph-mpl.com/data/match/tnc-rsg-20220430,game1,2022-04-30 19:00:00,RSG,9,1,16.9,19,41,5,55128,3262,149281,8833,8,9,3,3,8,17,12.0,25,1531.33,293.23,4146.69,794.05,61,0,6,59
https://ph-mpl.com/data/match/tnc-rsg-20220430,game2,2022-04-30 19:00:00,RSG,9,1,12.8,18,37,10,41100,3210,182239,14237,6,7,1,1,7,13,5.5,6,1233.0,263.46,5467.17,1168.2,61,1,6,59
https://ph-mpl.com/data/match/tnc-rsg-20220430,game2,2022-04-30 19:00:00,TNC,9,0,12.8,10,24,18,34227,2673,122836,9596,6,6,0,2,0,12,1.89,33,2567.02,329.11,9212.7,1181.12,61,1,7,59
https://ph-mpl.com/data/match/tnc-rsg-20220430,game3,2022-04-30 19:00:00,RSG,9,1,17.55,17,42,8,55510,3162,292301,16655,9,11,2,3,9,20,7.38,50,1601.25,295.27,8431.76,1554.79,61,2,6,59
https://ph-mpl.com/data/match/tnc-rsg-20220430,game3,2022-04-30 19:00:00,TNC,9,0,17.55,8,16,17,45315,2582,157078,8950,7,5,0,0,0,12,1.41,14,4248.28,708.05,14726.06,2454.34,61,2,7,59
https://ph-mpl.com/data/match/tnc-omg-20220501,game1,2022-05-01 15:00:00,OMG,9,1,25.95,16,44,11,80432,3099,236419,9110,11,13,3,0,9,24,5.45,7,2412.96,427.83,7092.57,1257.55,56,0,4,60
https://ph-mpl.com/data/match/tnc-omg-20220501,game1,2022-05-01 15:00:00,TNC,9,0,25.95,11,26,16,75771,2919,302326,11650,12,11,2,3,7,23,2.31,28,3157.12,611.06,12596.92,2438.11,56,0,7,60
https://ph-mpl.com/data/match/tnc-omg-20220501,game2,2022-05-01 15:00:00,OMG,9,1,19.85,17,45,10,66258,3337,242123,12197,11,10,2,2,9,21,6.2,21,1911.29,338.05,6984.32,1235.32,56,1,4,60
https://ph-mpl.com/data/match/tnc-omg-20220501,game2,2022-05-01 15:00:00,TNC,9,0,19.85,10,23,17,54960,2768,245516,12368,9,9,0,1,4,18,1.94,44,2944.29,572.5,13152.64,2557.46,56,1,7,60
https://ph-mpl.com/data/match/tnc-omg-20220501,game3,2022-05-01 15:00:00,TNC,9,0,18.97,16,31,21,53810,2837,206978,10912,9,6,0,2,2,15,2.24,23,2242.08,407.65,8624.08,1568.02,56,2,7,60
https://ph-mpl.com/data/match/tnc-omg-20220501,game3,2022-05-01 15:00:00,OMG,9,1,18.97,21,61,16,61263,3230,239797,12643,10,14,3,1,9,24,5.12,6,1531.58,235.63,5994.92,922.3,56,2,4,60
https://ph-mpl.com/data/match/rsg-omg-20220501,game1,2022-05-01 19:00:00,RSG,9,1,18.58,22,50,8,60245,3241,237757,12794,8,10,2,3,8,18,9.0,21,1506.12,273.84,5943.92,1080.71,50,0,6,61
https://ph-mpl.com/data/match/rsg-omg-20220501,game1,2022-05-01 19:00:00,OMG,9,0,18.58,8,26,22,49387,2657,121214,6522,7,6,1,0,4,13,1.55,30,3086.69,457.29,7575.88,1122.35,50,0,4,61
https://ph-mpl.com/data/match/rsg-omg-20220501,game2,2022-05-01 19:00:00,RSG,9,0,13.62,0,0,2,34441,2529,80832,5936,6,6,0,1,1,12,0.0,8,25830.75,8610.25,60624.0,20208.0,50,1,6,61
https://ph-mpl.com/data/match/rsg-omg-20220501,game2,2022-05-01 19:00:00,OMG,9,1,13.62,2,5,0,44377,3259,111972,8223,7,9,2,2,8,16,7.0,50,3328.28,1232.69,8397.9,3110.33,50,1,4,61
https://ph-mpl.com/data/match/rsg-omg-20220501,game3,2022-05-01 19:00:00,OMG,9,0,18.17,7,11,15,48948,2694,120871,6653,8,7,0,2,2,15,1.2,6,4079.0,941.31,10072.58,2324.44,50,2,4,61
https://ph-mpl.com/data/match/rsg-omg-20220501,game3,2022-05-01 19:00:00,RSG,9,1,18.17,15,36,7,58771,3235,162415,8940,9,12,3,1,8,21,7.29,37,1916.45,367.32,5296.14,1015.09,50,2,6,61
https://ph-mpl.com/data/match/rsg-omg-20220501,game4,2022-05-01 19:00:00,OMG,9,0,18.6,8,24,13,49840,2679,195588,10515,10,9,0,1,2,19,2.46,29,3738.0,498.4,14669.1,1955.88,50,3,4,61
https://ph-mpl.com/data/match/rsg-omg-20220501,game4,2022-05-01 19:00:00,RSG,9,1,18.6,13,35,8,59141,3179,221725,11920,8,10,3,2,7,18,6.0,30,2217.79,369.63,8314.69,1385.78,50,3,6,61
https://ph-mpl.com/data/match/rsg-omg-20220501,game5,2022-05-01 19:00:00,OMG,9,0,24.42,8,22,19,62451,2559,256008,10492,9,8,2,2,6,17,1.58,48,3345.59,600.49,13714.71,2461.62,50,4,4,61
https://ph-mpl.com/data/match/rsg-omg-20220501,game5,2022-05-01 19:00:00,RSG,9,1,24.42,19,46,8,71388,2925,297772,12203,11,13,2,1,9,24,8.12,34,1912.18,364.22,7976.04,1519.24,50,4,6,61
